,id,group,genotype,treatment,machine,other,date,timeofday,median_speed,distance_traveled_mm_p_min,turning_angle,meander,activitytime_ST,act_bouts_ST,pause_duration_ST,numb_pause_ST,activitytime_TT,act_bouts_TT,pause_length_TT,numb_pauses_TT,centrophobism_moving,centrophobism_sitting,number_of_walks,stripe_deviation,genotype,treatment,machine,other,date,timeofday,centrophobism_moving,centrophobism_sitting,stripe_deviation
1,100_CSJC,CS_JC_2ndcross,CS_JC,none,A,2ndcross,2013-09-20,2013-09-30 08:26:27,17.6122386054,510.9401851421,7.0815843681,0.3920507344,143.4999995232,3.1499999762,1.5,19,138.9000000954,1.1000001431,2.75,22,-0.1685393258,0.2552301255,13,13.1313398096,CS_JC,none,A,2ndcross,2013-09-20,2013-09-30 08:26:27,-0.1685393258,0.2552301255,13.1313398096
2,101_CSBJC,CS_JC_2ndcross,CS_JC,none,B,2ndcross,2013-09-20,2013-09-30 09:23:01,13.3093301471,231.1450922636,11.8844266471,0.7789247012,135.0999999046,2.7000000477,1.5,31,135.6999998093,2.7000000477,2.4000000954,25,-0.152368758,-0.5688568857,3,28.0406947102,CS_JC,none,B,2ndcross,2013-09-20,2013-09-30 09:23:01,-0.152368758,-0.5688568857,28.0406947102
3,102_CSJC,CS_JC_2ndcross,CS_JC,none,C,2ndcross,2013-09-20,2013-09-30 10:13:03,15.9188681804,368.3271267628,9.291233793,0.556088394,159.2999999523,3.7999999523,0.9000000954,13,159.1999998093,1.1000000238,1.4500000477,14,0.0261780105,-0.5401184707,9,18.2768605292,CS_JC,none,C,2ndcross,2013-09-20,2013-09-30 10:13:03,0.0261780105,-0.5401184707,18.2768605292
4,103_CSJC,CS_JC_2ndcross,CS_JC,none,D,2ndcross,2013-09-20,2013-09-30 08:58:40,16.5038787271,717.4447743758,7.5484973225,0.4521468811,273.6000006199,11.3000001907,1.0499999523,14,270.9999995232,17.4499999285,1.7999999523,11,-0.0771428571,0.1738648948,15,19.3089947655,CS_JC,none,D,2ndcross,2013-09-20,2013-09-30 08:58:40,-0.0771428571,0.1738648948,19.3089947655
5,104_CSTP,CS_TP_2ndcross,CS_TP,none,A,2ndcross,2013-09-20,2013-09-30 09:10:37,15.5501773681,777.7953933343,6.5552988762,0.4033747786,291.0999996662,6.7999999523,0.5000001192,8,293.7999999523,97,3.0499999523,2,0.3731343284,0.5702199662,23,24.2239840375,CS_TP,none,A,2ndcross,2013-09-20,2013-09-30 09:10:37,0.3731343284,0.5702199662,24.2239840375
6,105_CSTP,CS_TP_2ndcross,CS_TP,none,B,2ndcross,2013-09-20,2013-09-30 08:49:46,16.1131212138,455.1151166397,7.401494443,0.4397011684,150.4999997616,2.8999999762,3,17,146.2000000477,1.6000000238,3.5,19,-0.3414634146,0.3548830812,8,14.4668267593,CS_TP,none,B,2ndcross,2013-09-20,2013-09-30 08:49:46,-0.3414634146,0.3548830812,14.4668267593
7,106_CSTP,CS_TP_2ndcross,CS_TP,none,C,2ndcross,2013-09-20,2013-09-30 08:59:29,17.2771566738,794.539731574,6.5916296234,0.3648120061,272.2999999523,16.3500000238,1.2000000477,9,270.6000001431,16.2000000477,2.1499999762,8,0.1894234937,0.4166666667,27,17.2025910532,CS_TP,none,C,2ndcross,2013-09-20,2013-09-30 08:59:29,0.1894234937,0.4166666667,17.2025910532
8,107_CSTP,CS_TP_2ndcross,CS_TP,none,D,2ndcross,2013-09-20,2013-09-30 09:42:54,16.1620350912,812.9679261883,7.583955344,0.4494988451,294.0000002384,39.3999998569,1.0499999523,4,294.0000002384,68.6000000238,1.7000000477,3,-0.2132204756,0.4367816092,14,18.5965199133,CS_TP,none,D,2ndcross,2013-09-20,2013-09-30 09:42:54,-0.2132204756,0.4367816092,18.5965199133
9,108_CSBVS,CS_BS_2ndcross,CS_BS,none,A,2ndcross,2013-09-20,2013-09-30 09:21:43,14.8886867875,518.8282309251,6.3565823414,0.3864176481,229.1999986172,7.5499999523,0.6000001431,25,230.7999999523,19.2999999523,2.3500001431,14,-0.3273488929,-0.3303303303,21,6.317531098,CS_BS,none,A,2ndcross,2013-09-20,2013-09-30 09:21:43,-0.3273488929,-0.3303303303,6.317531098
10,109_CSBvs,CS_BS_2ndcross,CS_BS,none,B,2ndcross,2013-09-20,2013-09-30 08:22:38,14.297205751,400.3666993405,5.7164330385,0.3836119875,175.7000002861,5.9500000477,1.6499999762,16,171.3999998569,3.3499999046,3.5000001192,14,-0.2399119589,-0.612195122,13,12.7590079631,CS_BS,none,B,2ndcross,2013-09-20,2013-09-30 08:22:38,-0.2399119589,-0.612195122,12.7590079631
11,110_CSBVS,CS_BS_2ndcross,CS_BS,none,C,2ndcross,2013-09-20,2013-09-30 09:54:06,16.2253313572,657.3565976687,6.6266186009,0.3694641256,256.5999996662,8.2000000477,0.75,18,258.4999992847,8.9999998808,1.1000001431,11,-0.2276422764,0.3043478261,27,9.6966983529,CS_BS,none,C,2ndcross,2013-09-20,2013-09-30 09:54:06,-0.2276422764,0.3043478261,9.6966983529
12,111_CSBVS,CS_BS_2ndcross,CS_BS,none,D,2ndcross,2013-09-20,2013-09-30 09:08:58,14.0429159771,639.7900765644,6.8860692162,0.4552910319,281.5,26.4499999285,1.8999998569,9,280.7000000477,30.1000001431,1.8000000715,8,-0.4306306306,-0.1021992238,18,11.4112357177,CS_BS,none,D,2ndcross,2013-09-20,2013-09-30 09:08:58,-0.4306306306,-0.1021992238,11.4112357177
13,112_CSJC,CS_HS_2ndcross,CS_HS,none,A,2ndcross,2013-09-20,2013-09-30 08:46:56,15.0008946453,638.1455748726,5.9473250618,0.3701923652,256.0000009537,6.4000000954,2.0999999046,19,249.0000002384,7.7000000477,3.0999999046,17,-0.3103782735,-0.4048884166,20,14.6756503202,CS_HS,none,A,2ndcross,2013-09-20,2013-09-30 08:46:56,-0.3103782735,-0.4048884166,14.6756503202
14,113_CSHS,CS_HS_2ndcross,CS_HS,none,B,2ndcross,2013-09-20,2013-09-30 09:01:33,17.5043203813,703.3513638722,5.3541882874,0.2826895158,236.6999993324,9.2000000477,2.6000000238,18,234.5000004768,11.9000000954,2.4500000477,20,-0.3743536711,0.3171188026,21,8.3819633221,CS_HS,none,B,2ndcross,2013-09-20,2013-09-30 09:01:33,-0.3743536711,0.3171188026,8.3819633221
15,114_CSHS,CS_HS_2ndcross,CS_HS,none,C,2ndcross,2013-09-20,2013-09-30 09:07:50,10.8642467972,174.9427960453,9.3507278982,0.7870547289,160.1999998093,17.9000000954,0.9000000954,11,165.2000000477,28.4500000477,7.7499998808,4,-0.3772609819,-0.6256202075,6,9.5810939405,CS_HS,none,C,2ndcross,2013-09-20,2013-09-30 09:07:50,-0.3772609819,-0.6256202075,9.5810939405
16,115_CSHS,CS_HS_2ndcross,CS_HS,none,D,2ndcross,2013-09-20,2013-09-30 10:03:23,15.0400845157,333.1616204252,5.9165218002,0.3616868207,142.4999995232,5,4.4000000954,21,137.4000000954,4.1500000954,5.7000000477,22,-0.3977695167,-0.7384535547,9,7.0744255635,CS_HS,none,D,2ndcross,2013-09-20,2013-09-30 10:03:23,-0.3977695167,-0.7384535547,7.0744255635
17,116_CSTZ,CS_TZ_2ndcross,CS_TZ,none,A,2ndcross,2013-09-20,2013-09-30 09:02:35,16.4458535986,559.4486438196,6.641519138,0.3707820713,198.0000002384,11.6999999285,0.7499998808,10,197,9.1499999762,1.3999998569,9,0.4363411619,-0.4671480144,14,29.8137906344,CS_TZ,none,A,2ndcross,2013-09-20,2013-09-30 09:02:35,0.4363411619,-0.4671480144,29.8137906344
18,117_CSTZ,CS_TZ_2ndcross,CS_TZ,none,B,2ndcross,2013-09-20,2013-09-30 09:12:13,12.8965403391,60.2270539198,11.6131908546,0.828395495,35.4000000954,1.2999999523,4,11,35.5000002384,0.5500000715,11.3999998569,19,0.3238095238,-0.910490512,0,33.5986150046,CS_TZ,none,B,2ndcross,2013-09-20,2013-09-30 09:12:13,0.3238095238,-0.910490512,33.5986150046
19,118_CSTZ,CS_TZ_2ndcross,CS_TZ,none,C,2ndcross,2013-09-20,2013-09-30 09:27:26,21.6350837464,832.3695087064,5.7455366864,0.2468791764,268.4000000954,3.8999999762,0.7000000477,29,269.9999997616,7.8999999762,1.2999999523,19,-0.0336633663,0.7273652085,31,10.5046372215,CS_TZ,none,C,2ndcross,2013-09-20,2013-09-30 09:27:26,-0.0336633663,0.7273652085,10.5046372215
20,119_CSTZ,CS_TZ_2ndcross,CS_TZ,none,D,2ndcross,2013-09-20,2013-09-30 09:55:02,14.7033046398,523.296728952,7.743481629,0.4917164122,231.2000002861,6.2000000477,1.1500000954,22,226.8999996185,5.3999999762,2,21,0.3801652893,0.141329259,12,27.9814019772,CS_TZ,none,D,2ndcross,2013-09-20,2013-09-30 09:55:02,0.3801652893,0.141329259,27.9814019772
21,120_CSJC,CS_JC_2ndcross,CS_JC,none,A,2ndcross,2013-09-20,2013-09-30 10:33:57,16.4713165484,641.4708231475,7.4248600712,0.4285344933,246.6999995708,6.2000000477,0.7999999523,19,241.8999993801,4.0500000715,1.5,21,-0.0361842105,-0.2281594572,15,20.9974997744,CS_JC,none,A,2ndcross,2013-09-20,2013-09-30 10:33:57,-0.0361842105,-0.2281594572,20.9974997744
22,121_CSBJC,CS_JC_2ndcross,CS_JC,none,B,2ndcross,2013-09-20,2013-09-30 09:38:02,18.045837895,685.7684516889,7.9081069065,0.4087303683,255.7000000477,3.6499999762,0.6000001431,29,247.7000005245,2.0499999523,1.5999999046,21,0.145684442,0.3141891892,17,24.9800270388,CS_JC,none,B,2ndcross,2013-09-20,2013-09-30 09:38:02,0.145684442,0.3141891892,24.9800270388
23,122_CSJC,CS_JC_2ndcross,CS_JC,none,D,2ndcross,2013-09-20,2013-09-30 10:25:33,15.8208310468,500.4818942838,7.4241707655,0.4507540269,220.9000003338,2.6000000238,1.2999999523,40,208.0999999046,2.1000000238,1.7999999523,38,-0.0747474747,-0.1212121212,12,20.9233256382,CS_JC,none,D,2ndcross,2013-09-20,2013-09-30 10:25:33,-0.0747474747,-0.1212121212,20.9233256382
24,123_CSBTP,CS_TP_2ndcross,CS_TP,none,A,2ndcross,2013-09-20,2013-09-30 09:45:46,15.2803956462,491.4852630075,8.4448515923,0.5240144818,204.8999998569,5.2499998808,1.4499999285,28,193.3000001907,2,2.2000000477,29,0.2010376135,-0.1225188227,12,25.3065742899,CS_TP,none,A,2ndcross,2013-09-20,2013-09-30 09:45:46,0.2010376135,-0.1225188227,25.3065742899
25,124_CSTP,CS_TP_2ndcross,CS_TP,none,B,2ndcross,2013-09-20,2013-09-30 10:09:59,16.9964861103,602.6654401528,8.1101177789,0.4529950548,225.2999994755,11.2000000477,1.4000000954,15,222.1000001431,2.2999999523,2.1999999285,18,0.3892773893,0.6332556333,15,32.7917086501,CS_TP,none,B,2ndcross,2013-09-20,2013-09-30 10:09:59,0.3892773893,0.6332556333,32.7917086501
26,125_CSTP,CS_TP_2ndcross,CS_TP,none,C,2ndcross,2013-09-20,2013-09-30 10:32:20,15.9714383814,772.3962904711,6.9662073273,0.4213640819,273.3000001907,21.6000000238,1.7000000477,7,270.7999997139,18.7999999523,2.4500000477,8,0.2149215769,0.8944099379,24,18.1691949283,CS_TP,none,C,2ndcross,2013-09-20,2013-09-30 10:32:20,0.2149215769,0.8944099379,18.1691949283
27,126_CSBVS,CS_BS_2ndcross,CS_BS,none,A,2ndcross,2013-09-20,2013-09-30 10:25:34,12.6565203927,450.4761403898,7.6914075002,0.5550748048,255.5999994278,3.2000000477,1.3000000715,24,251.0000002384,2.5999999046,2,23,-0.2993479549,-0.1398176292,15,15.4865667302,CS_BS,none,A,2ndcross,2013-09-20,2013-09-30 10:25:34,-0.2993479549,-0.1398176292,15.4865667302
28,127_CSBVS,CS_BS_2ndcross,CS_BS,none,B,2ndcross,2013-09-20,2013-09-30 09:58:00,17.3626962342,710.1857649916,6.2542532665,0.333756957,241.3000001907,16.7000000477,2.75,10,238.5,11.7999999523,4.6000001431,11,-0.2653688525,-0.2901998097,17,17.4897624922,CS_BS,none,B,2ndcross,2013-09-20,2013-09-30 09:58:00,-0.2653688525,-0.2901998097,17.4897624922
29,128_CSTZ,CS_TZ_2ndcross,CS_TZ,none,A,2ndcross,2013-09-20,2013-09-30 10:05:28,16.4501324693,283.5210692184,7.3716086127,0.4219962409,101.6999998093,45.5,46.2999999523,3,101.5999999046,0.1000001431,12.0499999523,8,0.3118811881,0.5517084282,7,25.2873671109,CS_TZ,none,A,2ndcross,2013-09-20,2013-09-30 10:05:28,0.3118811881,0.5517084282,25.2873671109
30,129_CSTZ,CS_TZ_2ndcross,CS_TZ,none,B,2ndcross,2013-09-20,2013-09-30 10:26:37,15.142440036,550.2734486558,8.1301023542,0.4986887471,214.5999999046,40.5,7.2999999523,5,215.8999998569,9.2000000477,23.1499999762,4,0.7756041427,0.3660079051,12,44.7461056582,CS_TZ,none,B,2ndcross,2013-09-20,2013-09-30 10:26:37,0.7756041427,0.3660079051,44.7461056582
31,130_CSTZ,CS_TZ_2ndcross,CS_TZ,none,C,2ndcross,2013-09-20,2013-09-30 10:24:54,16.4412787168,718.4855788121,7.2991475127,0.4079034724,274.6000001431,7,0.7999999523,13,276.2000002861,7.6000001431,1.7999999523,8,0.158931083,0.8298850575,22,16.8083179974,CS_TZ,none,C,2ndcross,2013-09-20,2013-09-30 10:24:54,0.158931083,0.8298850575,16.8083179974
32,131_CSTZ,CS_TZ_2ndcross,CS_TZ,none,D,2ndcross,2013-09-20,2013-09-30 10:32:51,16.4092037755,489.6991530266,6.711724453,0.3876944636,180.9000003338,19.9499999285,4.9499999285,8,178.8999998569,8.7499998808,5.1000000238,10,0.0752242926,-0.157014157,11,19.1566756811,CS_TZ,none,D,2ndcross,2013-09-20,2013-09-30 10:32:51,0.0752242926,-0.157014157,19.1566756811
33,132_CSJC,CS_JC_2ndcross,CS_JC,none,A,2ndcross,2013-09-26,2013-09-30 15:24:20,9.4284453629,2.6851132047,26.3236798558,2.3079433436,1.5999999046,1.5999999046,148.6499999762,2,2.2999999523,0.1000000238,26.3000001907,9,-0.875,-0.9993304319,0,21.1816734158,CS_JC,none,A,2ndcross,2013-09-26,2013-09-30 15:24:20,-0.875,-0.9993304319,21.1816734158
34,133_CSJC,CS_JC_2ndcross,CS_JC,none,B,2ndcross,2013-09-26,2013-09-30 15:39:58,18.7399411334,331.7826232375,7.3372905125,0.3706914847,121.4999997616,4.9000000954,3.7999999523,17,115.7999997139,2,5.8000001907,17,0.1280276817,-0.2097378277,5,29.8512325793,CS_JC,none,B,2ndcross,2013-09-26,2013-09-30 15:39:58,0.1280276817,-0.2097378277,29.8512325793
35,134_CSJC,CS_JC_2ndcross,CS_JC,none,C,2ndcross,2013-09-26,2013-09-30 15:39:34,17.2576717973,135.4845931895,6.9603239574,0.365307322,57.0999999046,1.4999998808,1.9000000954,25,50.8000018597,0.5,2.6999998093,37,-0.0523560209,-0.0003815338,3,15.2772527503,CS_JC,none,C,2ndcross,2013-09-26,2013-09-30 15:39:34,-0.0523560209,-0.0003815338,15.2772527503
36,135_CSJC,CS_JC_2ndcross,CS_JC,none,D,2ndcross,2013-09-26,2013-09-30 15:51:12,17.1818268528,353.9706727806,8.3884570042,0.4568123518,146.2000000477,2.4499999285,2.7999999523,32,137.9999990463,1.6999998093,3.3000001907,39,-0.315628192,-0.7549407115,3,23.8520245181,CS_JC,none,D,2ndcross,2013-09-26,2013-09-30 15:51:12,-0.315628192,-0.7549407115,23.8520245181
37,136_CSTP,CS_TP_2ndcross,CS_TP,none,A,2ndcross,2013-09-26,2013-09-30 16:10:36,13.2731756647,424.5552423454,8.5277468308,0.6097184665,233.3000001907,8.5999999046,0.7999999523,21,236.0999999046,16.4000000954,1.8500000238,14,0.1726854892,0.2662162162,6,25.3070506337,CS_TP,none,A,2ndcross,2013-09-26,2013-09-30 16:10:36,0.1726854892,0.2662162162,25.3070506337
38,137_CSTP,CS_TP_2ndcross,CS_TP,none,B,2ndcross,2013-09-26,2013-09-30 15:23:09,16.9829145681,622.8509915476,8.5955834751,0.4857707279,222.4000000954,11.8500001431,1.8999999762,14,217.0999994278,2.1999998093,2.4000000954,19,0.1788888889,-0.0822942643,2,34.8280008772,CS_TP,none,B,2ndcross,2013-09-26,2013-09-30 15:23:09,0.1788888889,-0.0822942643,34.8280008772
39,138_CSTP,CS_TP_2ndcross,CS_TP,none,C,2ndcross,2013-09-26,2013-09-30 15:33:06,14.9235308899,392.9657220563,7.7277183615,0.4720803812,183.3000004292,4.4500000477,2.0999999046,27,172.0999999046,3.1499999762,2.5,27,-0.0294820717,0.328375286,10,24.5959675571,CS_TP,none,C,2ndcross,2013-09-26,2013-09-30 15:33:06,-0.0294820717,0.328375286,24.5959675571
40,139_CSTP,CS_TP_2ndcross,CS_TP,none,D,2ndcross,2013-09-26,2013-09-30 15:40:21,12.8007164754,87.4580423316,8.5924940577,0.6883802492,50.2000000477,3.3999998569,15.3999999762,12,52.8999996185,0.1000001431,8.2000000477,23,0.5240963855,-0.0408086859,0,57.4075510751,CS_TP,none,D,2ndcross,2013-09-26,2013-09-30 15:40:21,0.5240963855,-0.0408086859,57.4075510751
41,140_CSBVS,CS_BS_2ndcross,CS_BS,none,A,2ndcross,2013-09-26,2013-09-30 15:51:34,12.3917837891,77.6762087203,9.5036394421,0.6087767944,55.6000010967,1.3500001431,4.0999999046,27,48,1.2999999523,4.3499999046,26,-0.7722419929,-0.8750918442,0,13.50051397,CS_BS,none,A,2ndcross,2013-09-26,2013-09-30 15:51:34,-0.7722419929,-0.8750918442,13.50051397
42,141_CSBVS,CS_BS_2ndcross,CS_BS,none,B,2ndcross,2013-09-26,2013-09-30 16:00:50,18.6025518981,773.6610323155,6.2539466706,0.3191356473,250.1999998093,13.5,1.3000001907,13,247.0000002384,14.6999999285,3,11,-0.204249155,0.008583691,28,9.905867074,CS_BS,none,B,2ndcross,2013-09-26,2013-09-30 16:00:50,-0.204249155,0.008583691,9.905867074
43,142_CSBVS,CS_BS_2ndcross,CS_BS,none,C,2ndcross,2013-09-26,2013-09-30 16:01:43,13.6842659904,230.1452710688,8.9232649194,0.6138385849,119.1000001431,2.9000000954,1.1500000954,34,125.8999998569,2.2999999523,2.1000001431,33,-0.5075,-0.8828869723,3,10.5226309693,CS_BS,none,C,2ndcross,2013-09-26,2013-09-30 16:01:43,-0.5075,-0.8828869723,10.5226309693
44,143_CSBVS,CS_BS_2ndcross,CS_BS,none,D,2ndcross,2013-09-26,2013-09-30 15:21:14,16.9949829504,646.8730264055,6.1013317852,0.3180764709,226.0999999046,30.3000001907,1.2000001669,6,226.1000001431,31.5,4.7999999523,5,-0.3291139241,-0.4579945799,25,6.2088675209,CS_BS,none,D,2ndcross,2013-09-26,2013-09-30 15:21:14,-0.3291139241,-0.4579945799,6.2088675209
45,144_CSHS,CS_HS_2ndcross,CS_HS,none,A,2ndcross,2013-09-26,2013-09-30 16:03:27,10.0338907122,8.1183421398,8.549448255,0.7043444542,7.1999998093,1.9499999285,89.9000000954,5,7.5999996662,0.8999999762,38.2000000477,7,0.4871794872,-0.9399460189,0,1.4595652168,CS_HS,none,A,2ndcross,2013-09-26,2013-09-30 16:03:27,0.4871794872,-0.9399460189,1.4595652168
46,145_CSHS,CS_HS_2ndcross,CS_HS,none,B,2ndcross,2013-09-26,2013-09-30 16:09:46,15.5677336848,629.704783788,6.804372792,0.4099733448,247.2000007629,6.4000000954,1.1000001431,25,240.5000011921,4.1000001431,1.5999999046,25,-0.4323770492,-0.0580399619,17,11.8776608281,CS_HS,none,B,2ndcross,2013-09-26,2013-09-30 16:09:46,-0.4323770492,-0.0580399619,11.8776608281
47,146_CSHS,CS_HS_2ndcross,CS_HS,none,C,2ndcross,2013-09-26,2013-09-30 15:20:07,14.0840322402,272.4217487286,7.4084757217,0.4868839413,131.1000001431,2.8000000715,1.5999999046,33,137.4000005722,2.7000000477,2.6999999285,34,-0.3238512035,-0.4140737195,8,11.6453075621,CS_HS,none,C,2ndcross,2013-09-26,2013-09-30 15:20:07,-0.3238512035,-0.4140737195,11.6453075621
48,147_CSHS,CS_HS_2ndcross,CS_HS,none,D,2ndcross,2013-09-26,2013-09-30 15:30:32,15.8151312396,558.4526780147,7.0423839249,0.406081025,211.2000000477,6.6499999762,0.8999999762,16,209.8000004292,10.5,1.7999999523,11,-0.3498273878,-0.3892405063,19,9.2703439482,CS_HS,none,D,2ndcross,2013-09-26,2013-09-30 15:30:32,-0.3498273878,-0.3892405063,9.2703439482
49,148_CSTZ,CS_TZ_2ndcross,CS_TZ,none,A,2ndcross,2013-09-26,2013-09-30 15:34:15,13.5928130531,168.5495884832,9.6967440301,0.6657636335,95.9000000954,5.1000001431,0.7000000477,19,96.2000002861,3.3999998569,2.9000000954,15,0.6980461812,0.9721311475,4,31.9335622778,CS_TZ,none,A,2ndcross,2013-09-26,2013-09-30 15:34:15,0.6980461812,0.9721311475,31.9335622778
50,149_CSTZ,CS_TZ_2ndcross,CS_TZ,none,B,2ndcross,2013-09-26,2013-09-30 15:53:59,13.1728512329,178.3418243084,8.6634992522,0.6072742745,91.9999995232,5,0.7000000477,12,94.7999994755,11.8499999046,1.2000000477,7,0.601255887,-0.707523246,3,41.3187252604,CS_TZ,none,B,2ndcross,2013-09-26,2013-09-30 15:53:59,0.601255887,-0.707523246,41.3187252604
51,150_CSTZ,CS_TZ_2ndcross,CS_TZ,none,C,2ndcross,2013-09-26,2013-09-30 15:54:48,13.6478024278,440.7058271169,7.599155263,0.4947504655,216.4000003338,5.8999998569,1,27,213.5999996662,6.4000000954,1.8000001907,25,0.8421413864,0.7943078913,9,44.5226944115,CS_TZ,none,C,2ndcross,2013-09-26,2013-09-30 15:54:48,0.8421413864,0.7943078913,44.5226944115
52,151_CSTZ,CS_TZ_2ndcross,CS_TZ,none,D,2ndcross,2013-09-26,2013-09-30 16:04:02,14.072150398,228.7898463305,8.9262058762,0.5722671928,116.7000002861,4.8500000238,1.4999998808,16,117.4999997616,4.7000001669,2.5,13,0.5695876289,-0.501571621,3,32.9246555263,CS_TZ,none,D,2ndcross,2013-09-26,2013-09-30 16:04:02,0.5695876289,-0.501571621,32.9246555263
53,152_CSJC,CS_JC_2ndcross,CS_JC,none,A,2ndcross,2013-09-26,2013-09-30 16:52:30,16.5380894148,516.0693250316,6.9662765761,0.3973039161,219.4999992847,3.2999999523,1.5,35,208.0000002384,1.7999999523,1.75,36,-0.0875258442,0.0905562743,14,17.5696036015,CS_JC,none,A,2ndcross,2013-09-26,2013-09-30 16:52:30,-0.0875258442,0.0905562743,17.5696036015
54,153_CSJC,CS_JC_2ndcross,CS_JC,none,B,2ndcross,2013-09-26,2013-09-30 17:18:04,18.5930623439,572.6284675927,7.9073225803,0.396038683,208.9999995232,6.1000001431,1.9000000954,23,206.6999998093,7.2000000477,2,21,0.4657086871,0.2608695652,14,29.9021235831,CS_JC,none,B,2ndcross,2013-09-26,2013-09-30 17:18:04,0.4657086871,0.2608695652,29.9021235831
55,154_CSJC,CS_JC_2ndcross,CS_JC,none,D,2ndcross,2013-09-26,2013-09-30 16:21:52,17.3732947996,420.611364596,9.2163217839,0.5028742829,164.5,1.9000000954,1.0999999046,28,154.7000007629,1,1.9500000477,32,0.3692307692,0.6530278232,9,27.5306007992,CS_JC,none,D,2ndcross,2013-09-26,2013-09-30 16:21:52,0.3692307692,0.6530278232,27.5306007992
56,155_CSTP,CS_TP_2ndcross,CS_TP,none,A,2ndcross,2013-09-26,2013-09-30 16:28:53,12.2552590589,134.8959450774,7.2750049579,0.5289428465,84.0999991894,1.0499999523,1.4000000954,27,87.4000003338,0.6000000238,1.7999999523,29,-0.0040650407,0.7124651533,4,18.0133762049,CS_TP,none,A,2ndcross,2013-09-26,2013-09-30 16:28:53,-0.0040650407,0.7124651533,18.0133762049
57,156_CSTP,CS_TP_2ndcross,CS_TP,none,B,2ndcross,2013-09-26,2013-09-30 16:46:27,13.8695432683,205.6944216413,9.9675680362,0.6902870024,116.9000003338,2.2500001192,2.0999999046,35,110.5999996662,1.5,2.8499999046,34,0.4229691877,0.8864132809,3,33.5675778616,CS_TP,none,B,2ndcross,2013-09-26,2013-09-30 16:46:27,0.4229691877,0.8864132809,33.5675778616
58,157_CSTP,CS_TP_2ndcross,CS_TP,none,C,2ndcross,2013-09-26,2013-09-30 16:16:50,15.1279127885,368.9733372224,7.8016007047,0.4819615581,175.0999999046,3.5999999046,1.9500000477,30,169.1999995708,3.25,2.5999999046,27,0.2631578947,-0.2098630137,4,24.9866166493,CS_TP,none,C,2ndcross,2013-09-26,2013-09-30 16:16:50,0.2631578947,-0.2098630137,24.9866166493
59,158_CSTP,CS_TP_2ndcross,CS_TP,none,D,2ndcross,2013-09-26,2013-09-30 16:37:55,13.5607805232,285.3813704549,7.3102671171,0.4894421739,146.8999998569,5.5999999046,2,21,146.5999999046,5.5499999523,2.4000000954,18,-0.1928071928,0.5414585415,3,15.0142370021,CS_TP,none,D,2ndcross,2013-09-26,2013-09-30 16:37:55,-0.1928071928,0.5414585415,15.0142370021
60,159_CSBVS,CS_BS_2ndcross,CS_BS,none,A,2ndcross,2013-09-26,2013-09-30 16:18:46,15.9488732221,77.7029603578,6.8698341859,0.3909023235,29.7000000477,4.2000000477,5.2000000477,7,30.9999992847,0.1000001431,4.5,23,-0.3274336283,-0.9445444725,1,9.1085515419,CS_BS,none,A,2ndcross,2013-09-26,2013-09-30 16:18:46,-0.3274336283,-0.9445444725,9.1085515419
61,160_CSBVS,CS_BS_2ndcross,CS_BS,none,B,2ndcross,2013-09-26,2013-09-30 16:53:40,15.0347299088,520.2304011473,7.3661369369,0.4568574149,219.5000002384,2.2000000477,3,17,212.2999999523,1.25,1.9499999285,22,-0.2915434654,0.050304878,21,13.8684731695,CS_BS,none,B,2ndcross,2013-09-26,2013-09-30 16:53:40,-0.2915434654,0.050304878,13.8684731695
62,161_CSBVS,CS_BS_2ndcross,CS_BS,none,C,2ndcross,2013-09-26,2013-09-30 16:59:27,15.7232035718,595.5343346914,5.9374874145,0.3469726052,251.3999998569,6.5499999523,0.7000000477,32,246.2000007629,6,2.0999999046,23,-0.3376553214,-0.1163194444,24,5.0116474829,CS_BS,none,C,2ndcross,2013-09-26,2013-09-30 16:59:27,-0.3376553214,-0.1163194444,5.0116474829
63,162_CSBVS,CS_BS_2ndcross,CS_BS,none,D,2ndcross,2013-09-26,2013-09-30 16:30:34,12.1110405835,333.2002863945,9.0505505678,0.6802847009,202.699999094,6.7999999523,1.9500000477,26,205.2999997139,8.0999999046,4.6499999762,18,-0.3509433962,-0.6257449344,5,10.336436334,CS_BS,none,D,2ndcross,2013-09-26,2013-09-30 16:30:34,-0.3509433962,-0.6257449344,10.336436334
64,163_CSHS,CS_HS_2ndcross,CS_HS,none,A,2ndcross,2013-09-26,2013-09-30 16:35:04,17.4641019102,632.0536214808,4.7973388768,0.2590350579,221.7999999523,5.5999999046,1.2999999523,28,228.199999094,1.7000000477,2.4500000477,22,-0.3497989661,0.557844691,18,10.3529003146,CS_HS,none,A,2ndcross,2013-09-26,2013-09-30 16:35:04,-0.3497989661,0.557844691,10.3529003146
65,164_CSHS,CS_HS_2ndcross,CS_HS,none,B,2ndcross,2013-09-26,2013-09-30 16:37:36,15.7305993279,559.0488620826,6.5321885885,0.3898113005,209.8999996185,7.4499999285,2.3000001907,17,204.8000001907,5.8500000238,3.1000001431,21,-0.5246376812,-0.5383411581,12,14.8927065011,CS_HS,none,B,2ndcross,2013-09-26,2013-09-30 16:37:36,-0.5246376812,-0.5383411581,14.8927065011
66,165_CSHS,CS_HS_2ndcross,CS_HS,none,C,2ndcross,2013-09-26,2013-09-30 16:50:05,15.5248581155,453.5537650841,5.7043660123,0.353531577,183.9999992847,6.4500000477,2,27,178.0999999046,6.2000000477,2.3000000715,28,-0.2655367232,0.0787649653,17,11.6404670949,CS_HS,none,C,2ndcross,2013-09-26,2013-09-30 16:50:05,-0.2655367232,0.0787649653,11.6404670949
67,166_CSHS,CS_HS_2ndcross,CS_HS,none,D,2ndcross,2013-09-26,2013-09-30 16:51:05,13.9382326282,278.1501140515,6.7117929938,0.4588048643,126.0999996662,5.6500000954,5.9000000954,16,125.2999994755,4.3499999046,4.6000000238,18,-0.2632674298,-0.5455435847,5,28.0863413503,CS_HS,none,D,2ndcross,2013-09-26,2013-09-30 16:51:05,-0.2632674298,-0.5455435847,28.0863413503
68,167_CSBVS,CS_BS_2ndcross,CS_BS,none,D,2ndcross,2013-09-26,2013-09-30 17:00:15,16.3899069772,677.0509963255,7.36328614,0.4063742871,262.8000004292,14.2999999523,0.5999999046,13,259.8000006676,23.9000000954,1.9999998808,10,-0.2491366552,-0.2172131148,23,12.9404438802,CS_BS,none,D,2ndcross,2013-09-26,2013-09-30 17:00:15,-0.2491366552,-0.2172131148,12.9404438802
69,168_CSTP,CS_TP_2ndcross,CS_TP,none,C,2ndcross,2013-09-26,2013-09-30 17:07:49,15.3533193447,547.8919167274,8.2641684185,0.5204233551,233.2000002861,8.8500000238,1.0999999046,20,229.2000000477,2.8000000715,1.9499999285,20,0.3182608696,0.6635367762,10,32.8215608324,CS_TP,none,C,2ndcross,2013-09-26,2013-09-30 17:07:49,0.3182608696,0.6635367762,32.8215608324
70,169_CS_TP,CS_TP_1stcross,CS_TP,none,old,1stcross,2012-02-08,2013-09-30 13:43:18,13.9860613418,556.0331548513,8.9363344707,0.6042478678,251.0999999046,4.6999999285,2,13,249.7999994755,3.5,2.1999998093,15,0.0541666667,0.4275161588,5,35.1124123157,CS_TP,none,old,1stcross,2012-02-08,2013-09-30 13:43:18,0.0541666667,0.4275161588,35.1124123157
71,170_CS_TZ,CS_TZ_1stcross,CS_TZ,none,old,1stcross,2012-02-08,2013-09-30 15:22:47,15.7133788365,660.8824922388,6.4438264488,0.3867306758,232.4999997616,25.3999998569,0.7999999523,8,232.9999992847,34.0999999046,5.6500000954,6,0.5754352031,0.9935828877,14,32.2780483587,CS_TZ,none,old,1stcross,2012-02-08,2013-09-30 15:22:47,0.5754352031,0.9935828877,32.2780483587
72,171_CS_HS,CS_HS_1stcross,CS_HS,none,old,1stcross,2012-02-08,2013-09-30 15:37:42,14.824108371,680.4752858563,6.1914256183,0.4035764565,272.7999997139,16.0499999523,1.7999999523,7,271.5999999046,15.6499999762,3.4000000954,7,-0.449800973,-0.1752021563,17,17.8513724778,CS_HS,none,old,1stcross,2012-02-08,2013-09-30 15:37:42,-0.449800973,-0.1752021563,17.8513724778
73,172_CS_BvS,CS_BS_1stcross,CS_BS,none,old,1stcross,2012-02-08,2013-09-30 13:31:30,15.3984863786,554.7771620355,7.1189952377,0.4376961726,224.3999998569,11.2999999523,0.6499999762,20,225.5,15.2000000477,2.2000000477,13,-0.2972972973,0.5533822331,12,9.7803069003,CS_BS,none,old,1stcross,2012-02-08,2013-09-30 13:31:30,-0.2972972973,0.5533822331,9.7803069003
74,173_CS_JC,CS_JC_1stcross,CS_JC,none,old,1stcross,2012-02-08,2013-09-30 15:30:48,16.0355542723,596.5584876366,7.4005749473,0.457856204,222.7999999523,8.3999998569,5.6500000954,6,223.2000000477,2.8999998569,5.0499999523,8,-0.0584450402,-0.3919156415,13,17.7606835631,CS_JC,none,old,1stcross,2012-02-08,2013-09-30 15:30:48,-0.0584450402,-0.3919156415,17.7606835631
75,174_CS_TP,CS_TP_1stcross,CS_TP,none,old,1stcross,2012-02-08,2013-09-30 16:15:10,16.9615155403,586.7690651103,6.6989068899,0.379371593,219.1000003815,5.3500000238,1.6000000238,22,215.1000001431,3.0999999046,2.5,21,0.1858823529,0.7694081476,15,20.1341557623,CS_TP,none,old,1stcross,2012-02-08,2013-09-30 16:15:10,0.1858823529,0.7694081476,20.1341557623
76,175_CS_TZ,CS_TZ_1stcross,CS_TZ,none,old,1stcross,2012-02-08,2013-09-30 16:08:17,14.5746379746,638.5963642344,6.4924572837,0.4215425238,265.4000000954,10.9500000477,0.7000000477,17,264.5999996662,12.6000000238,1.8000001907,11,0.2794117647,0.9201934704,17,23.5823534106,CS_TZ,none,old,1stcross,2012-02-08,2013-09-30 16:08:17,0.2794117647,0.9201934704,23.5823534106
77,176_CS_HS,CS_HS_1stcross,CS_HS,none,old,1stcross,2012-02-08,2013-09-30 16:36:24,14.6670790518,715.9485863659,5.7471808049,0.3755089476,278.5999996662,5.8999998569,1.4499999285,10,276.2999997139,1.7000000477,2.4499999285,8,-0.2169224388,0.3108108108,26,10.6898647179,CS_HS,none,old,1stcross,2012-02-08,2013-09-30 16:36:24,-0.2169224388,0.3108108108,10.6898647179
78,177_CS_BvS,CS_BS_1stcross,CS_BS,none,old,1stcross,2012-02-08,2013-09-30 16:30:26,11.1831816083,295.5646210648,8.5895475815,0.6858419995,180.3999996185,5.9999998808,1.1999998093,17,179.7000005245,4.6500000954,2,13,-0.0699186992,0.6920473773,9,15.9578942278,CS_BS,none,old,1stcross,2012-02-08,2013-09-30 16:30:26,-0.0699186992,0.6920473773,15.9578942278
79,178_CS_JC,CS_JC_1stcross,CS_JC,none,old,1stcross,2012-02-08,2013-09-30 16:54:30,14.7949501262,384.3652264421,9.228104393,0.6031288952,172.9000000954,2.3000001907,1.3499999046,26,167.2999997139,0.7999999523,2.3000000715,36,-0.2691397001,-0.6152073733,7,23.9289368479,CS_JC,none,old,1stcross,2012-02-08,2013-09-30 16:54:30,-0.2691397001,-0.6152073733,23.9289368479
80,179_CS_TP,CS_TP_1stcross,CS_TP,none,old,1stcross,2012-02-08,2013-09-30 17:13:31,16.4348856327,669.8505667919,7.7472646529,0.4590002852,246.4000005722,12.1500000954,1.7999999523,14,245.0000002384,2.2000000477,2.7000000477,17,0.7466334165,0.9939759036,16,33.791278649,CS_TP,none,old,1stcross,2012-02-08,2013-09-30 17:13:31,0.7466334165,0.9939759036,33.791278649
81,180_CS_TZ,CS_TZ_1stcross,CS_TZ,none,old,1stcross,2012-02-08,2013-09-30 17:35:57,15.2678025457,658.7862596891,6.8810484021,0.4307058403,267.0999994278,8.8999999762,1,11,270.4999992847,5.7999999523,2.6500000954,6,-0.033676333,0.7803468208,24,20.1212475583,CS_TZ,none,old,1stcross,2012-02-08,2013-09-30 17:35:57,-0.033676333,0.7803468208,20.1212475583
82,181_CS_HS,CS_HS_1stcross,CS_HS,none,old,1stcross,2012-02-08,2013-09-30 17:20:10,12.1481770959,404.4238143802,8.7811627344,0.6770237412,243.3000001907,2.4500000477,0.9000000954,39,234.7999997139,1.8499999046,1.4000000954,33,-0.445,-0.1945830364,13,12.4400911273,CS_HS,none,old,1stcross,2012-02-08,2013-09-30 17:20:10,-0.445,-0.1945830364,12.4400911273
83,182_CS_BvS,CS_BS_1stcross,CS_BS,none,old,1stcross,2012-02-08,2013-09-30 17:05:12,15.8763161051,634.5846734317,6.4399085042,0.3854929088,238.8999998569,5,1.3999998569,19,228.7000005245,4.1000001431,2.0999999046,19,-0.2850632911,-0.3988326848,25,17.2965222281,CS_BS,none,old,1stcross,2012-02-08,2013-09-30 17:05:12,-0.2850632911,-0.3988326848,17.2965222281
84,183_CS_JC,CS_JC_1stcross,CS_JC,none,old,1stcross,2012-02-08,2013-09-30 17:30:23,17.9710045684,555.869889399,7.1318927992,0.3767948129,191.8999996185,4.0999999046,1.7999999523,19,189.9000003338,1.6000001431,2.5499999523,20,0.26342711,0.2995135511,13,18.3539034239,CS_JC,none,old,1stcross,2012-02-08,2013-09-30 17:30:23,0.26342711,0.2995135511,18.3539034239
85,184_CS_TP,CS_TP_1stcross,CS_TP,none,old,1stcross,2012-02-09,2013-09-30 15:52:25,15.1926234899,556.4630223344,6.7711326149,0.4324115098,246.7999999523,3.7999999523,1.6000000238,28,241.8999993801,3.6999998093,2.4500000477,22,0.2092027822,0.9488536155,15,20.9337305935,CS_TP,none,old,1stcross,2012-02-09,2013-09-30 15:52:25,0.2092027822,0.9488536155,20.9337305935
86,185_CS_TZ,CS_TZ_1stcross,CS_TZ,none,old,1stcross,2012-02-09,2013-09-30 15:30:30,13.8707038953,438.4240733971,7.1140342469,0.4876257031,215.0999999046,4.7499998808,0.6000000238,18,221.3999996185,11.2999999523,3.1500000954,10,0.4305822137,0.9111111111,11,23.3452290191,CS_TZ,none,old,1stcross,2012-02-09,2013-09-30 15:30:30,0.4305822137,0.9111111111,23.3452290191
87,186_CS_HS,CS_HS_1stcross,CS_HS,none,old,1stcross,2012-02-09,2013-09-30 16:21:12,12.4101177651,657.5200930192,7.6268819847,0.572545843,297.5999999046,148.7999999523,1.2999999523,1,298.0999996662,149.0499998331,1.8000001907,1,-0.3455797933,0.5128205128,24,9.6958748192,CS_HS,none,old,1stcross,2012-02-09,2013-09-30 16:21:12,-0.3455797933,0.5128205128,9.6958748192
88,187_CS_BvS,CS_BS_1stcross,CS_BS,none,old,1stcross,2012-02-09,2013-09-30 16:01:10,15.7580685196,763.4037035834,5.6563115377,0.349156586,288.6000001431,50.6499999762,0.7000000477,5,287.3000001907,50.5,1.2000000477,5,-0.2132623823,0.9357142857,30,13.7399876835,CS_BS,none,old,1stcross,2012-02-09,2013-09-30 16:01:10,-0.2132623823,0.9357142857,13.7399876835
89,188_CS_JC,CS_JC_1stcross,CS_JC,none,old,1stcross,2012-02-09,2013-09-30 16:12:55,12.9252977266,476.9536317422,7.9660778678,0.5839927138,241.4000000954,1.6500000954,1.3999998569,21,242.7000000477,0.7000000477,2.5,17,0.291278113,-0.1203389831,9,22.16446903,CS_JC,none,old,1stcross,2012-02-09,2013-09-30 16:12:55,0.291278113,-0.1203389831,22.16446903
90,189_CS_TP,CS_TP_1stcross,CS_TP,none,old,1stcross,2012-02-09,2013-09-30 16:45:40,17.4087822681,744.8961736881,6.2122037936,0.3462625456,258.2999997139,14.5,2.1999999285,14,256.1999998093,16.2999999523,2.7000000477,12,0.2111517367,0.5509202454,15,20.5182451486,CS_TP,none,old,1stcross,2012-02-09,2013-09-30 16:45:40,0.2111517367,0.5509202454,20.5182451486
91,190_CS_TZ,CS_TZ_1stcross,CS_TZ,none,old,1stcross,2012-02-09,2013-09-30 16:52:37,15.0502560264,606.2504399193,6.3865700665,0.4080781752,259.0000007153,8.0000001192,1,19,258.9999995232,7.9000000954,1.75,14,0.5583126551,0.9392712551,15,31.3899359661,CS_TZ,none,old,1stcross,2012-02-09,2013-09-30 16:52:37,0.5583126551,0.9392712551,31.3899359661
92,191_CS_HS,CS_HS_1stcross,CS_HS,none,old,1stcross,2012-02-09,2013-09-30 16:34:45,15.857006203,791.7092654232,6.9471318395,0.4147900245,288.2999999523,16.5999999046,1.3000000715,8,287.2000000477,5.4000000954,2.0499999523,6,-0.2837022133,0.6177606178,28,7.4705129167,CS_HS,none,old,1stcross,2012-02-09,2013-09-30 16:34:45,-0.2837022133,0.6177606178,7.4705129167
93,192_CS_BvS,CS_BS_1stcross,CS_BS,none,old,1stcross,2012-02-09,2013-09-30 16:27:36,13.6143037974,420.9351436897,7.2540474696,0.513931229,210.4999997616,11.2999999523,0.5,15,212.6999998093,15.3999998569,1.5,7,0.0802919708,0.422459893,13,21.5541429648,CS_BS,none,old,1stcross,2012-02-09,2013-09-30 16:27:36,0.0802919708,0.422459893,21.5541429648
94,193_CS_JC,CS_JC_1stcross,CS_JC,none,old,1stcross,2012-02-09,2013-09-30 17:05:11,15.5107530727,593.624786662,7.1404220133,0.4531163132,245.0999996662,6.1499999762,1,23,234.9000003338,4.2499998808,2.1000001431,25,0.0180319423,0.8286252354,14,18.7941380709,CS_JC,none,old,1stcross,2012-02-09,2013-09-30 17:05:11,0.0180319423,0.8286252354,18.7941380709
95,194_CS_TP,CS_TP_1stcross,CS_TP,none,old,1stcross,2012-02-10,2013-09-30 10:59:39,14.1681274382,563.5120157173,7.0077829448,0.460784262,247.8000004292,14.5,1.4499999285,14,244.5,11.2999999523,2.7999999523,11,0.5231788079,0.9365384615,15,33.4719004512,CS_TP,none,old,1stcross,2012-02-10,2013-09-30 10:59:39,0.5231788079,0.9365384615,33.4719004512
96,195_CS_TZ,CS_TZ_1stcross,CS_TZ,none,old,1stcross,2012-02-10,2013-09-30 11:06:24,14.6663519437,682.9783125544,7.4612469301,0.4804180401,275.8999998569,7.3999999762,1.2999999523,15,279.4999997616,17.2999999523,2.1499998569,10,-0.2595555556,0.5962815405,18,13.1299451149,CS_TZ,none,old,1stcross,2012-02-10,2013-09-30 11:06:24,-0.2595555556,0.5962815405,13.1299451149
97,196_CS_HS,CS_HS_1stcross,CS_HS,none,old,1stcross,2012-02-10,2013-09-30 10:42:45,13.5058142394,573.8926859925,6.2757912027,0.4422088532,261.5,9.2999999523,1.5,17,255.7999997139,7.2500001192,2.2000000477,15,-0.4626012387,-0.3827433628,15,7.9280318001,CS_HS,none,old,1stcross,2012-02-10,2013-09-30 10:42:45,-0.4626012387,-0.3827433628,7.9280318001
98,197_CS_BvS,CS_BS_1stcross,CS_BS,none,old,1stcross,2012-02-10,2013-09-30 10:50:00,15.221308501,539.0313821521,7.4257474328,0.4430358856,237,9.3000000715,1.4000000954,21,229.2999997139,7.0999999046,2.0499999523,22,0.0206185567,0.4224343675,16,15.4915276675,CS_BS,none,old,1stcross,2012-02-10,2013-09-30 10:50:00,0.0206185567,0.4224343675,15.4915276675
99,198_CS_JC,CS_JC_1stcross,CS_JC,none,old,1stcross,2012-02-10,2013-09-30 10:36:13,13.2535657699,274.9348145767,9.1957434774,0.6392950301,151.4000003338,2.2000000477,1.2000000477,40,148.5999991894,2.2999999523,2.1499999762,34,0.1371371371,0.4242878561,7,21.01418742,CS_JC,none,old,1stcross,2012-02-10,2013-09-30 10:36:13,0.1371371371,0.4242878561,21.01418742
100,199_CS_TP,CS_TP_1stcross,CS_TP,none,old,1stcross,2012-02-10,2013-09-30 14:24:20,14.9096469871,484.664240312,7.7567300568,0.4765994623,200.7999994755,7.3999998569,0.9500000477,12,200.9000008106,6.6000001431,3.5,13,0.6486129458,0.9946272666,12,26.8279499953,CS_TP,none,old,1stcross,2012-02-10,2013-09-30 14:24:20,0.6486129458,0.9946272666,26.8279499953
101,200_CS_TZ,CS_TZ_1stcross,CS_TZ,none,old,1stcross,2012-02-10,2013-09-30 14:38:19,16.0680385801,702.8250410463,6.6884858085,0.4016279506,267.6000001431,20.2999999523,1.4000000954,11,265.1000003815,19.6000001431,2.1999998093,11,0.5104831358,0.6019777503,22,33.6748834204,CS_TZ,none,old,1stcross,2012-02-10,2013-09-30 14:38:19,0.5104831358,0.6019777503,33.6748834204
102,201_CS_HS,CS_HS_1stcross,CS_HS,none,old,1stcross,2012-02-10,2013-09-30 14:30:38,14.483203966,754.3547139381,6.6287693382,0.4216355914,294.7999999523,56.4500000477,0.2999999523,3,294.5999999046,112.2999999523,2.6499999762,2,-0.230583501,0.4671814672,30,13.3986182288,CS_HS,none,old,1stcross,2012-02-10,2013-09-30 14:30:38,-0.230583501,0.4671814672,13.3986182288
104,203_CS_JC,CS_JC_1stcross,CS_JC,none,old,1stcross,2012-02-10,2013-09-30 14:17:49,15.2517515324,311.5019072773,7.5803220969,0.4660060676,123.2999994755,1.7999999523,2.8000001907,11,120.3999996185,0.5,2.8000001907,19,0.0103092784,-0.3674372848,5,27.8961503692,CS_JC,none,old,1stcross,2012-02-10,2013-09-30 14:17:49,0.0103092784,-0.3674372848,27.8961503692
105,204_CS_TP,CS_TP_1stcross,CS_TP,none,old,1stcross,2012-02-10,2013-09-30 14:45:28,16.964857735,775.3550133961,6.6679990991,0.3832132395,270.2000007629,4.1000001431,0.9499999285,12,273.3000001907,5.2999999523,1.8999998569,8,0.7559088956,0.9970414201,21,39.2523510567,CS_TP,none,old,1stcross,2012-02-10,2013-09-30 14:45:28,0.7559088956,0.9970414201,39.2523510567
106,205_CS_TZ,CS_TZ_1stcross,CS_TZ,none,old,1stcross,2012-02-10,2013-09-30 15:13:59,14.3828497347,715.6223635971,7.0147182608,0.4645755662,284.4999997616,26.4999998808,1.2999999523,9,285.1000001431,31.1499999762,1.6000001431,7,0.3758634701,0.5092250923,18,31.0596642618,CS_TZ,none,old,1stcross,2012-02-10,2013-09-30 15:13:59,0.3758634701,0.5092250923,31.0596642618
107,206_CS_HS,CS_HS_1stcross,CS_HS,none,old,1stcross,2012-02-10,2013-09-30 15:07:15,15.5039494984,741.4717907384,6.5778289388,0.4086258253,287.2000002861,20.1000000238,1.0499999523,8,287.4000000954,26.3000000715,1.7000000477,5,-0.2506244796,0.7737104825,28,7.7793302223,CS_HS,none,old,1stcross,2012-02-10,2013-09-30 15:07:15,-0.2506244796,0.7737104825,7.7793302223
108,207_CS_BvS,CS_BS_1stcross,CS_BS,none,old,1stcross,2012-02-10,2013-09-30 15:00:51,17.4426355986,806.9056311645,6.4334134762,0.3610417947,292.6999998093,25.3500000238,0.5999999046,9,294.6000001431,36.5500000715,1.2000000477,3,-0.2365180467,0.537037037,30,15.2822500219,CS_BS,none,old,1stcross,2012-02-10,2013-09-30 15:00:51,-0.2365180467,0.537037037,15.2822500219
109,208_CS_JC,CS_JC_1stcross,CS_JC,none,old,1stcross,2012-02-10,2013-09-30 14:54:22,15.593469452,502.7625502533,7.6032156943,0.4799253197,204,2.7000000477,1.5,31,191.5999991894,1.4000000954,2.3500000238,34,-0.1667699938,0.1712230216,7,20.3697071308,CS_JC,none,old,1stcross,2012-02-10,2013-09-30 14:54:22,-0.1667699938,0.1712230216,20.3697071308
110,209_CS_TZ,CS_TZ_1stcross,CS_TZ,none,old,1stcross,2012-02-10,2013-09-30 16:04:57,15.1570318704,747.2463678685,6.173275476,0.3859111099,278.5999996662,18,1.5,11,279.5,40.3999998569,2.3500000238,8,-0.1523613963,0.1971830986,23,19.3162290967,CS_TZ,none,old,1stcross,2012-02-10,2013-09-30 16:04:57,-0.1523613963,0.1971830986,19.3162290967
111,210_CS_HS,CS_HS_1stcross,CS_HS,none,old,1stcross,2012-02-10,2013-09-30 15:20:44,15.5985154604,732.8783680318,5.3905532211,0.337422602,280.4999990463,13.4499999285,0.7000000477,13,280.4000000954,7.5,1.5000001192,10,-0.4136170213,0.5712098009,16,5.5806883343,CS_HS,none,old,1stcross,2012-02-10,2013-09-30 15:20:44,-0.4136170213,0.5712098009,5.5806883343
112,211_CS_BvS,CS_BS_1stcross,CS_BS,none,old,1stcross,2012-02-10,2013-09-30 16:10:47,15.2877431306,686.4771096791,6.8899840261,0.4270693365,278.4999992847,11.9499999285,0.8000001907,9,277.8999996185,7.6499999762,1.2000000477,7,-0.1589374156,0.7442455243,27,15.6888390157,CS_BS,none,old,1stcross,2012-02-10,2013-09-30 16:10:47,-0.1589374156,0.7442455243,15.6888390157
113,212_CS_JC,CS_JC_1stcross,CS_JC,none,old,1stcross,2012-02-10,2013-09-30 16:51:12,13.0076582466,383.181077686,9.5297768473,0.7309300843,209.5999991894,3,1.1000001431,43,197.5999996662,2.7999999523,1.6000001431,36,0.4655305964,0.4485981308,7,33.9934476835,CS_JC,none,old,1stcross,2012-02-10,2013-09-30 16:51:12,0.4655305964,0.4485981308,33.9934476835
114,213_CS_TP,CS_TP_1stcross,CS_TP,none,old,1stcross,2012-03-06,2013-09-30 16:27:40,14.7416402569,451.0487839194,7.5160534957,0.4619377668,207,3,1.8999998569,29,197.8999998569,2.3000001907,2.7000000477,29,0.2261656228,0.7228607918,13,14.0412245682,CS_TP,none,old,1stcross,2012-03-06,2013-09-30 16:27:40,0.2261656228,0.7228607918,14.0412245682
115,214_CS_TZ,CS_TZ_1stcross,CS_TZ,none,old,1stcross,2012-03-06,2013-09-30 17:06:47,14.8570179859,153.7141474283,6.9928859178,0.4603036852,65.8999998569,2.8499999046,1.7000000477,13,64.5999999046,0.9000000954,4,19,-0.1227364185,-0.7541899441,5,16.9637882838,CS_TZ,none,old,1stcross,2012-03-06,2013-09-30 17:06:47,-0.1227364185,-0.7541899441,16.9637882838
116,215_CS_HS,CS_HS_1stcross,CS_HS,none,old,1stcross,2012-03-06,2013-09-30 16:12:35,16.9401705956,609.7610607073,5.734391999,0.3092341963,227.7000005245,5.0500000715,1.9500000477,24,221.0000002384,2.9499999285,2.0499999523,28,-0.3028048082,0.25,15,10.4700679551,CS_HS,none,old,1stcross,2012-03-06,2013-09-30 16:12:35,-0.3028048082,0.25,10.4700679551
117,216_CS_BvS,CS_BS_1stcross,CS_BS,none,old,1stcross,2012-03-06,2013-09-30 16:05:35,15.5381191528,254.0934798258,5.910030754,0.3186667796,109.4999997616,3.1000001431,3,27,105.8999998569,1.9499999285,2.9500000477,34,-0.2738853503,-0.4833183048,8,8.8547915426,CS_BS,none,old,1stcross,2012-03-06,2013-09-30 16:05:35,-0.2738853503,-0.4833183048,8.8547915426
118,217_CS_JC,CS_JC_1stcross,CS_JC,none,old,1stcross,2012-03-06,2013-09-30 16:21:37,15.6009077271,472.2682439118,5.9482141365,0.3543989272,196.2999999523,2.5999999046,2.1000000238,28,191.8999996185,2.25,2,27,0.2574525745,0.115913556,13,21.3488253512,CS_JC,none,old,1stcross,2012-03-06,2013-09-30 16:21:37,0.2574525745,0.115913556,21.3488253512
119,218_CS_TZ,CS_TZ_1stcross,CS_TZ,none,old,1stcross,2012-03-06,2013-09-30 17:46:30,12.3028169715,319.5157487151,7.4096876565,0.5502026067,158.4999997616,2.5999999046,3.4000000954,15,159.1999993324,0.6000000238,3.4000000954,23,-0.3488372093,-0.4808226793,10,10.8794264305,CS_TZ,none,old,1stcross,2012-03-06,2013-09-30 17:46:30,-0.3488372093,-0.4808226793,10.8794264305
120,219_CS_HS,CS_HS_1stcross,CS_HS,none,old,1stcross,2012-03-06,2013-09-30 17:26:35,18.2970170344,655.6052006005,5.7614474206,0.293103016,211.0999996662,5.3500000238,2.3499999046,20,204.4000003338,3.9500000477,2.9499999285,22,-0.2882120699,0.0699186992,24,9.3996731243,CS_HS,none,old,1stcross,2012-03-06,2013-09-30 17:26:35,-0.2882120699,0.0699186992,9.3996731243
121,220_CS_BvS,CS_BS_1stcross,CS_BS,none,old,1stcross,2012-03-06,2013-09-30 17:19:47,18.7131720504,327.1957355441,5.5394947218,0.2893705935,114.7000000477,2.7000000477,3.7000000477,23,106.4999997616,1.9500000477,4.3999999762,28,0.2528735632,0.1429910924,8,35.4813305758,CS_BS,none,old,1stcross,2012-03-06,2013-09-30 17:19:47,0.2528735632,0.1429910924,35.4813305758
122,221_CS_JC,CS_JC_1stcross,CS_JC,none,old,1stcross,2012-03-06,2013-09-30 17:53:48,11.2325149772,102.4028952564,10.7560737491,0.9168505814,68.9999997616,0.9500000477,2.9499999285,34,77.0000004768,0.7000000477,3,41,0.2296983759,0.5606531882,2,36.0606857232,CS_JC,none,old,1stcross,2012-03-06,2013-09-30 17:53:48,0.2296983759,0.5606531882,36.0606857232
123,222_CS_TP,CS_TP_1stcross,CS_TP,none,old,1stcross,2012-03-06,2013-09-30 17:13:08,14.5521806648,550.3253619794,8.4946814022,0.5488425071,242.5999996662,2,1.7999999523,14,241.3000006676,1.5,2.3500000238,16,0.4126027397,0.5144312394,10,27.7962222837,CS_TP,none,old,1stcross,2012-03-06,2013-09-30 17:13:08,0.4126027397,0.5144312394,27.7962222837
124,223_CS_TP,CS_TP_1stcross,CS_TP,none,old,1stcross,2012-03-06,2013-09-30 18:51:03,17.042508961,645.8155800743,6.8490382285,0.364751342,231.5000002384,4.4000000954,1.6999998093,23,221.5999994278,3.2000000477,2.1000001431,26,0.3333333333,0.3384747215,12,22.4974570813,CS_TP,none,old,1stcross,2012-03-06,2013-09-30 18:51:03,0.3333333333,0.3384747215,22.4974570813
125,224_CS_TZ,CS_TZ_1stcross,CS_TZ,none,old,1stcross,2012-03-06,2013-09-30 18:13:55,17.443016691,731.4851139209,6.9201691727,0.3724314129,256.9999997616,10.9000000954,1.9000000954,18,251.4999997616,10.0999999046,2.3999998569,18,0.2352941176,0.4745586708,20,23.6116965107,CS_TZ,none,old,1stcross,2012-03-06,2013-09-30 18:13:55,0.2352941176,0.4745586708,23.6116965107
126,225_CS_HS,CS_HS_1stcross,CS_HS,none,old,1stcross,2012-03-06,2013-09-30 18:35:26,16.0599311706,675.0215831464,5.9581396893,0.34838391,265.5000007153,10.9000000954,1.4499999285,18,265.2000002861,15.1000000238,2,13,-0.1144230769,0.8049837486,25,14.1424384097,CS_HS,none,old,1stcross,2012-03-06,2013-09-30 18:35:26,-0.1144230769,0.8049837486,14.1424384097
127,226_CS_BvS,CS_BS_1stcross,CS_BS,none,old,1stcross,2012-03-06,2013-09-30 18:26:16,11.8684753876,60.5430299229,8.7589459464,0.615121464,39.3999998569,1.9000000954,9.7999999523,15,37.2999994755,0.8000000715,6.4000000954,20,-0.3050847458,-0.9110950488,1,14.1185257123,CS_BS,none,old,1stcross,2012-03-06,2013-09-30 18:26:16,-0.3050847458,-0.9110950488,14.1185257123
128,227_CS_JC,CS_JC_1stcross,CS_JC,none,old,1stcross,2012-03-06,2013-09-30 18:20:19,16.4349110511,543.0679518251,6.7069187083,0.3739916538,222.9999997616,3.5,0.6500000954,24,218.6000006199,4.7000000477,1.4999998808,20,-0.0018575851,0.0244956772,11,19.2765297609,CS_JC,none,old,1stcross,2012-03-06,2013-09-30 18:20:19,-0.0018575851,0.0244956772,19.2765297609
